{"indexUpdatedAt": 1522879178, "rowsUpdatedBy": "hdau-ky3t", "name": "Metro Bike Share Trip Data", "licenseId": "CC0_10", "publicationStage": "published", "metadata": {"renderTypeConfig": {"visible": {"table": true}}, "custom_fields": {"Location Specified": {"What geographic unit is the data collected?": "Latitude/longitude", "Does this data have a Location column? (Yes or No)": "Yes"}, "Committed Update Frequency": {"Refresh rate": "Quarterly"}, "Data Owner": {"Department": "Mayor's Office"}}, "rdfClass": "", "rowIdentifier": "0", "rdfSubject": "0", "rowLabel": "", "availableDisplayTypes": ["table", "fatrow", "page"]}, "newBackend": true, "description": "Bike Share data from LA Metro, pulled from https://bikeshare.metro.net/about/data/", "numberOfComments": 0, "displayType": "table", "category": "A Livable and Sustainable City", "owner": {"screenName": "Nick Snider", "displayName": "Nick Snider", "profileImageUrlLarge": "/api/users/hdau-ky3t/profile_images/LARGE", "profileImageUrlMedium": "/api/users/hdau-ky3t/profile_images/THUMB", "type": "interactive", "profileImageUrlSmall": "/api/users/hdau-ky3t/profile_images/TINY", "id": "hdau-ky3t", "flags": ["mayBeStoriesCoOwner"]}, "columns": [{"width": 184, "name": "Trip ID", "cachedContents": {"sum": "1526884959750", "smallest": "1912818", "largest": "23794218", "null": 0, "non_null": 132427, "top": [{"item": "23652333", "count": 20}, {"item": "23652331", "count": 19}, {"item": "23652332", "count": 18}, {"item": "23656666", "count": 17}, {"item": "23656665", "count": 16}, {"item": "23656664", "count": 15}, {"item": "23652330", "count": 14}, {"item": "23656662", "count": 13}, {"item": "23656661", "count": 12}, {"item": "23656660", "count": 11}, {"item": "23656659", "count": 10}, {"item": "23656658", "count": 9}, {"item": "23656657", "count": 8}, {"item": "23656656", "count": 7}, {"item": "23661008", "count": 6}, {"item": "23656655", "count": 5}, {"item": "23656654", "count": 4}, {"item": "23661005", "count": 3}, {"item": "23656653", "count": 2}, {"item": "23664842", "count": 1}], "average": "11530012.45780694"}, "renderTypeName": "number", "format": {}, "tableColumnId": 48913906, "id": 306883529, "dataTypeName": "number", "fieldName": "trip_id", "position": 1}, {"width": 196, "name": "Duration", "cachedContents": {"sum": "205963920", "smallest": "60", "largest": "86400", "null": 0, "non_null": 132427, "top": [{"item": "180", "count": 20}, {"item": "300", "count": 19}, {"item": "420", "count": 18}, {"item": "600", "count": 17}, {"item": "960", "count": 16}, {"item": "720", "count": 15}, {"item": "360", "count": 14}, {"item": "120", "count": 13}, {"item": "660", "count": 12}, {"item": "480", "count": 11}, {"item": "1320", "count": 10}, {"item": "1200", "count": 9}, {"item": "240", "count": 8}, {"item": "1140", "count": 7}, {"item": "1020", "count": 6}, {"item": "540", "count": 5}, {"item": "840", "count": 4}, {"item": "900", "count": 3}, {"item": "1080", "count": 2}, {"item": "1260", "count": 1}], "average": "1555.301562370212"}, "renderTypeName": "number", "format": {}, "tableColumnId": 48913907, "id": 306883530, "dataTypeName": "number", "fieldName": "duration", "position": 2}, {"width": 220, "name": "Start Time", "cachedContents": {"non_null": 132427, "smallest": "2016-07-07T04:17:00", "top": [{"item": "2017-03-31T20:23:00", "count": 20}, {"item": "2017-03-31T20:26:00", "count": 19}, {"item": "2017-03-31T20:27:00", "count": 18}, {"item": "2017-03-31T20:28:00", "count": 17}, {"item": "2017-03-31T20:51:00", "count": 16}, {"item": "2017-03-31T21:12:00", "count": 15}, {"item": "2017-03-31T21:32:00", "count": 14}, {"item": "2017-03-31T21:40:00", "count": 13}, {"item": "2017-03-31T22:05:00", "count": 12}, {"item": "2017-03-31T22:06:00", "count": 11}, {"item": "2017-03-31T22:17:00", "count": 10}, {"item": "2017-03-31T22:21:00", "count": 9}, {"item": "2017-03-31T22:23:00", "count": 8}, {"item": "2017-03-31T22:26:00", "count": 7}, {"item": "2017-03-31T22:27:00", "count": 6}, {"item": "2017-03-31T22:30:00", "count": 5}, {"item": "2017-03-31T22:47:00", "count": 4}, {"item": "2017-03-31T22:48:00", "count": 3}, {"item": "2017-03-31T23:02:00", "count": 2}, {"item": "2017-03-31T23:15:00", "count": 1}], "largest": "2017-03-31T23:45:00", "null": 0}, "renderTypeName": "calendar_date", "format": {}, "tableColumnId": 48913908, "id": 306883531, "dataTypeName": "calendar_date", "fieldName": "start_time", "position": 3}, {"width": 196, "name": "End Time", "cachedContents": {"non_null": 132427, "smallest": "2016-07-07T04:20:00", "top": [{"item": "2017-03-31T18:27:00", "count": 20}, {"item": "2017-03-31T20:21:00", "count": 19}, {"item": "2017-03-31T20:42:00", "count": 18}, {"item": "2017-03-31T21:41:00", "count": 17}, {"item": "2017-03-31T20:53:00", "count": 16}, {"item": "2017-03-31T21:16:00", "count": 15}, {"item": "2017-03-31T21:21:00", "count": 14}, {"item": "2017-03-31T21:57:00", "count": 13}, {"item": "2017-03-31T22:02:00", "count": 12}, {"item": "2017-03-31T22:00:00", "count": 11}, {"item": "2017-03-31T22:27:00", "count": 10}, {"item": "2017-03-31T23:16:00", "count": 9}, {"item": "2017-03-31T22:44:00", "count": 8}, {"item": "2017-04-01T00:15:00", "count": 7}, {"item": "2017-04-01T18:15:00", "count": 6}, {"item": "2017-04-01T20:17:00", "count": 5}, {"item": "2017-03-31T23:24:00", "count": 4}, {"item": "2017-03-31T23:25:00", "count": 3}, {"item": "2017-03-31T23:35:00", "count": 2}, {"item": "2017-03-31T23:42:00", "count": 1}], "largest": "2017-04-02T10:32:00", "null": 0}, "renderTypeName": "calendar_date", "format": {}, "tableColumnId": 48913909, "id": 306883532, "dataTypeName": "calendar_date", "fieldName": "end_time", "position": 4}, {"width": 328, "name": "Starting Station ID", "cachedContents": {"sum": "402920292", "smallest": "3000", "largest": "4108", "null": 19, "non_null": 132408, "top": [{"item": "3014", "count": 20}, {"item": "3022", "count": 19}, {"item": "3031", "count": 18}, {"item": "3063", "count": 17}, {"item": "3042", "count": 16}, {"item": "3006", "count": 15}, {"item": "3034", "count": 14}, {"item": "3005", "count": 13}, {"item": "3030", "count": 12}, {"item": "3055", "count": 11}, {"item": "3049", "count": 10}, {"item": "3067", "count": 9}, {"item": "3035", "count": 8}, {"item": "3038", "count": 7}, {"item": "3069", "count": 6}, {"item": "3064", "count": 5}, {"item": "3048", "count": 4}, {"item": "3082", "count": 3}, {"item": "3068", "count": 2}, {"item": "3027", "count": 1}], "average": "3043.020754032989"}, "renderTypeName": "number", "format": {}, "tableColumnId": 48913910, "id": 306883533, "dataTypeName": "number", "fieldName": "starting_station_id", "position": 5}, {"width": 400, "name": "Starting Station Latitude", "cachedContents": {"sum": "4506089.6541155", "smallest": "0", "largest": "34.0642815", "null": 48, "non_null": 132379, "top": [{"item": "34.04681", "count": 20}, {"item": "34.044701", "count": 19}, {"item": "34.04855", "count": 18}, {"item": "34.05661", "count": 17}, {"item": "34.051941", "count": 16}, {"item": "34.04652", "count": 15}, {"item": "34.05088", "count": 14}, {"item": "34.045181", "count": 13}, {"item": "34.04607", "count": 12}, {"item": "34.041691", "count": 11}, {"item": "34.049301", "count": 10}, {"item": "34.046822", "count": 9}, {"item": "34.048401", "count": 8}, {"item": "34.0532", "count": 7}, {"item": "34.044159", "count": 6}, {"item": "34.042061", "count": 5}, {"item": "34.056969", "count": 4}, {"item": "34.049198", "count": 3}, {"item": "34.05048", "count": 2}, {"item": "34.047749", "count": 1}], "average": "34.03930875830381"}, "renderTypeName": "number", "format": {}, "tableColumnId": 48913911, "id": 306883534, "dataTypeName": "number", "fieldName": "starting_station_latitude", "position": 6}, {"width": 412, "name": "Starting Station Longitude", "cachedContents": {"sum": "-15650048.457920", "smallest": "-118.472832", "largest": "0", "null": 48, "non_null": 132379, "top": [{"item": "-118.24353", "count": 20}, {"item": "-118.256981", "count": 19}, {"item": "-118.252441", "count": 18}, {"item": "-118.259048", "count": 17}, {"item": "-118.237213", "count": 16}, {"item": "-118.237411", "count": 15}, {"item": "-118.248253", "count": 14}, {"item": "-118.238808", "count": 13}, {"item": "-118.250237", "count": 12}, {"item": "-118.251579", "count": 11}, {"item": "-118.233093", "count": 10}, {"item": "-118.260948", "count": 9}, {"item": "-118.235352", "count": 8}, {"item": "-118.248352", "count": 7}, {"item": "-118.250954", "count": 6}, {"item": "-118.263382", "count": 5}, {"item": "-118.253593", "count": 4}, {"item": "-118.252831", "count": 3}, {"item": "-118.254593", "count": 2}, {"item": "-118.243172", "count": 1}], "average": "-118.2215340644664"}, "renderTypeName": "number", "format": {}, "tableColumnId": 48913912, "id": 306883535, "dataTypeName": "number", "fieldName": "starting_station_longitude", "position": 7}, {"width": 304, "name": "Ending Station ID", "cachedContents": {"sum": "402602077", "smallest": "3000", "largest": "4108", "null": 96, "non_null": 132331, "top": [{"item": "3014", "count": 20}, {"item": "3005", "count": 19}, {"item": "3031", "count": 18}, {"item": "3030", "count": 17}, {"item": "3063", "count": 16}, {"item": "3006", "count": 15}, {"item": "3042", "count": 14}, {"item": "3035", "count": 13}, {"item": "3022", "count": 12}, {"item": "3038", "count": 11}, {"item": "3067", "count": 10}, {"item": "3034", "count": 9}, {"item": "3069", "count": 8}, {"item": "3032", "count": 7}, {"item": "3064", "count": 6}, {"item": "3048", "count": 5}, {"item": "3023", "count": 4}, {"item": "3082", "count": 3}, {"item": "3049", "count": 2}, {"item": "3062", "count": 1}], "average": "3042.386719665082"}, "renderTypeName": "number", "format": {}, "tableColumnId": 48913913, "id": 306883536, "dataTypeName": "number", "fieldName": "ending_station_id", "position": 8}, {"width": 376, "name": "Ending Station Latitude", "cachedContents": {"sum": "4471331.4826317", "smallest": "0", "largest": "34.0642815", "null": 1051, "non_null": 131376, "top": [{"item": "34.04652", "count": 20}, {"item": "34.044701", "count": 19}, {"item": "34.04855", "count": 18}, {"item": "34.04681", "count": 17}, {"item": "34.05661", "count": 16}, {"item": "34.049301", "count": 15}, {"item": "34.04607", "count": 14}, {"item": "34.05088", "count": 13}, {"item": "34.051941", "count": 12}, {"item": "34.048401", "count": 11}, {"item": "34.046822", "count": 10}, {"item": "34.042061", "count": 9}, {"item": "34.049198", "count": 8}, {"item": "34.045181", "count": 7}, {"item": "34.049889", "count": 6}, {"item": "34.041691", "count": 5}, {"item": "34.050911", "count": 4}, {"item": "34.047749", "count": 3}, {"item": "34.056969", "count": 2}, {"item": "34.04211", "count": 1}], "average": "34.03461425703096"}, "renderTypeName": "number", "format": {}, "tableColumnId": 48913914, "id": 306883537, "dataTypeName": "number", "fieldName": "ending_station_latitude", "position": 9}, {"width": 388, "name": "Ending Station Longitude", "cachedContents": {"sum": "-15529515.743421", "smallest": "-118.472832", "largest": "0", "null": 1051, "non_null": 131376, "top": [{"item": "-118.24353", "count": 20}, {"item": "-118.237411", "count": 19}, {"item": "-118.259048", "count": 18}, {"item": "-118.252441", "count": 17}, {"item": "-118.237213", "count": 16}, {"item": "-118.256981", "count": 15}, {"item": "-118.238808", "count": 14}, {"item": "-118.233093", "count": 13}, {"item": "-118.248253", "count": 12}, {"item": "-118.250237", "count": 11}, {"item": "-118.260948", "count": 10}, {"item": "-118.252831", "count": 9}, {"item": "-118.248352", "count": 8}, {"item": "-118.263382", "count": 7}, {"item": "-118.256668", "count": 6}, {"item": "-118.255882", "count": 5}, {"item": "-118.235352", "count": 4}, {"item": "-118.240967", "count": 3}, {"item": "-118.243172", "count": 2}, {"item": "-118.253593", "count": 1}], "average": "-118.2066415739633"}, "renderTypeName": "number", "format": {}, "tableColumnId": 48913915, "id": 306883538, "dataTypeName": "number", "fieldName": "ending_station_longitude", "position": 10}, {"width": 184, "name": "Bike ID", "cachedContents": {"sum": "820140431", "smallest": "1349", "largest": "6728", "null": 10, "non_null": 132417, "top": [{"item": "5863", "count": 20}, {"item": "6007", "count": 19}, {"item": "5859", "count": 18}, {"item": "5771", "count": 17}, {"item": "5979", "count": 16}, {"item": "6053", "count": 15}, {"item": "6641", "count": 14}, {"item": "6238", "count": 13}, {"item": "6326", "count": 12}, {"item": "6072", "count": 11}, {"item": "5997", "count": 10}, {"item": "6146", "count": 9}, {"item": "5850", "count": 8}, {"item": "6579", "count": 7}, {"item": "5767", "count": 6}, {"item": "6100", "count": 5}, {"item": "6247", "count": 4}, {"item": "6311", "count": 3}, {"item": "6049", "count": 2}, {"item": "6441", "count": 1}], "average": "6193.618878240709"}, "renderTypeName": "number", "format": {}, "tableColumnId": 48913916, "id": 306883539, "dataTypeName": "number", "fieldName": "bike_id", "position": 11}, {"width": 256, "name": "Plan Duration", "cachedContents": {"sum": "5901305", "smallest": "0", "largest": "365", "null": 766, "non_null": 131661, "top": [{"item": "30", "count": 20}, {"item": "365", "count": 19}, {"item": "0", "count": 18}], "average": "44.82196702136548"}, "renderTypeName": "number", "format": {}, "tableColumnId": 48913917, "id": 306883540, "dataTypeName": "number", "fieldName": "plan_duration", "position": 12}, {"width": 328, "name": "Trip Route Category", "cachedContents": {"non_null": 132427, "smallest": "One Way", "top": [{"item": "Round Trip", "count": 20}, {"item": "One Way", "count": 19}], "largest": "Round Trip", "null": 0}, "renderTypeName": "text", "format": {}, "tableColumnId": 48913918, "id": 306883541, "dataTypeName": "text", "fieldName": "trip_route_category", "position": 13}, {"width": 280, "name": "Passholder Type", "cachedContents": {"non_null": 132427, "smallest": "Flex Pass", "top": [{"item": "Monthly Pass", "count": 20}, {"item": "Flex Pass", "count": 19}, {"item": "Walk-up", "count": 18}, {"item": "Staff Annual", "count": 17}], "largest": "Walk-up", "null": 0}, "renderTypeName": "text", "format": {}, "tableColumnId": 48913919, "id": 306883542, "dataTypeName": "text", "fieldName": "passholder_type", "position": 14}, {"width": 304, "name": "Starting Lat-Long", "renderTypeName": "location", "format": {}, "tableColumnId": 48913920, "id": 306883543, "dataTypeName": "location", "fieldName": "starting_lat_long", "position": 15}, {"width": 280, "name": "Ending Lat-Long", "renderTypeName": "location", "format": {}, "tableColumnId": 48913921, "id": 306883544, "dataTypeName": "location", "fieldName": "ending_lat_long", "position": 20}, {"name": "Neighborhood Councils (Certified)", "renderTypeName": "number", "format": {}, "tableColumnId": 49095124, "id": 307311883, "computationStrategy": {"parameters": {"primary_key": "_feature_id", "region": "_2dna-qi2s"}, "source_columns": ["starting_lat_long"], "type": "georegion_match_on_point"}, "dataTypeName": "number", "fieldName": ":@computed_region_2dna_qi2s", "position": 25}, {"name": "Council Districts", "renderTypeName": "number", "format": {}, "tableColumnId": 49095243, "id": 307311885, "computationStrategy": {"parameters": {"primary_key": "_feature_id", "region": "_kqwf-mjcx"}, "source_columns": ["starting_lat_long"], "type": "georegion_match_on_point"}, "dataTypeName": "number", "fieldName": ":@computed_region_kqwf_mjcx", "position": 26}, {"name": "Zip Codes", "renderTypeName": "number", "format": {}, "tableColumnId": 49095751, "id": 307311886, "computationStrategy": {"parameters": {"primary_key": "_feature_id", "region": "_qz3q-ghft"}, "source_columns": ["starting_lat_long"], "type": "georegion_match_on_point"}, "dataTypeName": "number", "fieldName": ":@computed_region_qz3q_ghft", "position": 27}, {"name": "LA Specific Plans", "renderTypeName": "number", "format": {}, "tableColumnId": 49096068, "id": 307311887, "dataTypeName": "number", "fieldName": ":@computed_region_ur2y_g4cx", "position": 28}, {"name": "Precinct Boundaries", "renderTypeName": "number", "format": {}, "tableColumnId": 49096248, "id": 307311888, "dataTypeName": "number", "fieldName": ":@computed_region_tatf_ua23", "position": 29}, {"name": "Census Tracts", "renderTypeName": "number", "format": {}, "tableColumnId": 49096539, "id": 307312089, "dataTypeName": "number", "fieldName": ":@computed_region_k96s_3jcv", "position": 30}], "query": {}, "flags": ["default", "restorable", "restorePossibleForType"], "publicationAppendEnabled": false, "tableAuthor": {"screenName": "Nick Snider", "displayName": "Nick Snider", "profileImageUrlLarge": "/api/users/hdau-ky3t/profile_images/LARGE", "profileImageUrlMedium": "/api/users/hdau-ky3t/profile_images/THUMB", "type": "interactive", "profileImageUrlSmall": "/api/users/hdau-ky3t/profile_images/TINY", "id": "hdau-ky3t", "flags": ["mayBeStoriesCoOwner"]}, "grants": [{"inherited": false, "flags": ["public"], "type": "viewer"}], "tags": ["transportation", "bikes"], "createdAt": 1497631403, "downloadCount": 484, "publicationDate": 1497632003, "averageRating": 0, "publicationGroup": 14269080, "hideFromDataJson": false, "license": {"logoUrl": "images/licenses/ccZero.png", "name": "Creative Commons 1.0 Universal (Public Domain Dedication)", "termsLink": "http://creativecommons.org/publicdomain/zero/1.0/legalcode"}, "id": "sii9-rjps", "viewCount": 562, "viewLastModified": 1522879165, "rowClass": "", "rowsUpdatedAt": 1497631971, "hideFromCatalog": false, "oid": 26196176, "provenance": "official", "tableId": 14269098, "viewType": "tabular", "rights": ["read"], "totalTimesRated": 0}